0,the
1,minimum
2,description
3,length
4,principle
5,for
6,online
7,sequence
8,estimation/prediction
9,in
10,a
11,proper
12,learning
13,setup
14,is
15,studied
16,if
17,underlying
18,model
19,class
20,discrete
21,then
22,total
23,expected
24,square
25,loss
26,particularly
27,interesting
28,performance
29,measure
30,this
31,quantity
32,finitely
33,bounded
34,implying
35,convergence
36,with
37,probability
38,one
39,and
40,b
41,it
42,additionally
43,specifies
44,speed
45,mdl
46,general
47,can
48,only
49,have
50,bounds
51,which
52,are
53,finite
54,but
55,exponentially
56,larger
57,than
58,those
59,bayes
60,mixtures
61,we
62,show
63,that
64,even
65,case
66,contains
67,bernoulli
68,distributions
69,derive
70,new
71,upper
72,bound
73,on
74,prediction
75,error
76,countable
77,classes
78,implies
79,small
80,comparable
81,to
82,certain
83,important
84,discuss
85,application
86,machine
87,tasks
88,such
89,as
90,classification
91,hypothesis
92,testing
93,generalization
94,of
95,iid
96,models
97,mixture
98,solomonoff
99,induction
100,marginalization
101,all
102,these
103,terms
104,refer
105,central
106,obtain
107,predictive
108,distribution
109,by
110,integrating
111,product
112,prior
113,evidence
114,over
115,many
116,cases
117,however
118,computationally
119,infeasible
120,sophisticated
121,approximation
122,expensive
123,or
124,map
125,maximum
126,posteriori
127,estimator
128,both
129,common
130,its
131,own
132,sake
133,use
134,largest
135,practice
136,usually
137,being
138,approximated
139,too
140,since
141,local
142,determined
143,how
144,good
145,predictions
146,question
147,has
148,attracted
149,much
150,attention
151,an
152,quality
153,cumulative
154,predictor
155,particular
156,often
157,considered
158,assume
159,outcome
160,space
161,continuously
162,parameterized
163,unbounded
164,growing
165,symbol
166,
167,where
168,sample
169,size
170,citation
171,corresponds
172,instantaneous
173,losses
174,behave
175,similarly
176,under
177,appropriate
178,conditions
179,specific
180,note
181,order
182,do
183,continuous
184,needs
185,discretize
186,parameter
187,see
188,also
189,other
190,hand
191,solomonoff's
192,theorem
193,namely
194,weight
195,true
196,necessary
197,assumption
198,contained
199,ie
200,dealing
201,been
202,demonstrated
203,be
204,essential
205,violated
206,may
207,fail
208,very
209,badly
210,shown
211,holds
212,sharp
213,probabilities
214,contrast
215,gives
216,sense
217,errors
218,magnitude
219,cannot
220,occur
221,so
222,while
223,worse
224,compared
225,avoid
226,term
227,rate
228,here
229,identical
230,eg
231,monotonically
232,decreasing
233,not
234,necessarily
235,therefore
236,natural
237,ask
238,there
239,present
240,work
241,concentrate
242,simplest
243,possible
244,stochastic
245,just
246,becomes
247,estimates
248,directly
249,uses
250,nevertheless
251,consistency
252,terminology
253,keep
254,might
255,surprising
256,discover
257,still
258,exponential
259,will
260,give
261,mild
262,guaranteeing
263,moreover
264,well-known
265,likelihood
266,decays
267,same
268,measured
269,more
270,statements
271,briefly
272,discussed
273,section
274,motivation
275,consider
276,arises
277,algorithmic
278,information
279,theory
280,from
281,computational
282,point
283,view
284,relevant
285,computable
286,some
287,fixed
288,universal
289,turing
290,precisely
291,prefix
292,thus
293,each
294,program
295,countably
296,programs
297,they
298,semimeasures
299,strings
300,need
301,halt
302,otherwise
303,were
304,measures
305,corresponding
306,agree
307,binary
308,defined
309,two
310,negative
311,kraft
312,inequality
313,priors
314,sum
315,up
316,at
317,most
318,call
319,given
320,related
321,isomorphic
322,set
323,reals
324,shortest
325,string
326,generated
327,high
328,two-part
329,complexity
330,respect
331,does
332,exceed
333,constant
334,vovk
335,save
336,additive
337,reduced
338,example
339,task
340,classifying
341,instance
342,after
343,having
344,seen
345,"instance,class"
346,pairs
347,phrased
348,predict
349,continuation
350,typically
351,generalize
352,conditionalized
353,inputs
354,solve
355,problems
356,standard
357,form
358,obvious
359,proofs
360,paper
361,our
362,main
363,tool
364,obtaining
365,results
366,kullback-leibler
367,divergence
368,lemmata
369,stated
370,shows
371,obtained
372,latter
373,weights
374,subject
375,treats
376,finally
377,conclusions
378,although
379,internet
380,level
381,topology
382,extensively
383,past
384,few
385,years
386,little
387,known
388,about
389,details
390,taxonomy
391,node
392,represent
393,wide
394,variety
395,organizations
396,e
397,g
398,large
399,isp
400,private
401,business
402,university
403,vastly
404,different
405,network
406,characteristics
407,external
408,connectivity
409,patterns
410,growth
411,tendencies
412,properties
413,hardly
414,neglect
415,working
416,veracious
417,representations
418,simulation
419,environments
420,introduce
421,radically
422,approach
423,based
424,techniques
425,ases
426,into
427,successfully
428,classify
429,number
430,percent
431,accuracy
432,release
433,community
434,dataset
435,augmented
436,attributes
437,used
438,believe
439,serve
440,invaluable
441,addition
442,further
443,understanding
444,structure
445,evolution
446,rapid
447,expansion
448,last
449,decades
450,produced
451,scale
452,system
453,thousands
454,diverse
455,independently
456,managed
457,networks
458,collectively
459,provide
460,global
461,across
462,spectrum
463,geopolitical
464,globally
465,routable
466,identifiers
467,increased
468,less
469,exerting
470,significant
471,pressure
472,interdomain
473,routing
474,well
475,functional
476,structural
477,parts
478,impressive
479,resulted
480,heterogenous
481,highly
482,complex
483,challenges
484,accurate
485,realistic
486,modeling
487,infrastructure
488,intermix
489,owned
490,operated
491,backbone
492,providers
493,regional
494,access
495,universities
496,companies
497,statistical
498,faithfully
499,characterizes
500,types
501,critical
502,path
503,toward
504,knowledge
505,mandatory
506,augmenting
507,synthetically
508,constructed
509,topologies
510,intra
511,inter
512,router
513,expect
514,dual
515,homed
516,drastically
517,company
518,likely
519,contain
520,dozens
521,internal
522,routers
523,hosts
524,elements
525,switches
526,servers
527,firewalls
528,probably
529,single
530,simple
531,diversity
532,among
533,accurately
534,augment
535,misc
536,characterize
537,composing
538,annotating
539,their
540,prerequisite
541,exhibit
542,service
543,grow
544,attracting
545,customers
546,engaging
547,agreements
548,isps
549,connect
550,through
551,significantly
552,time
553,categorizing
554,identify
555,develop
556,mapping
557,ip
558,addresses
559,users
560,traffic
561,analysis
562,studies
563,required
564,distinguish
565,between
566,packets
567,come
568,home
569,realize
570,goal
571,checking
572,type
573,originates
574,address
575,lies
576,construct
577,representative
578,algorithm
579,empirically
580,observed
581,differences
582,data
583,registries
584,irr
585,routeviews
586,intrinsic
587,employ
588,novel
589,technique
590,build
591,exploits
592,six
593,reflect
594,infrastructures
595,macroscopic
596,statistics
597,validate
598,using
599,manually
600,identified
601,validation
602,demonstrates
603,achieves
604,examined
605,classifications
606,correct
607,make
608,classifier
609,publicly
610,available
611,promote
612,research
613,s
614,start
615,brief
616,discussion
617,describes
618,specify
619,experiments
620,introduces
621,them
622,conclude
623,as-level
624,large-scale
625,intra-as
626,inter-as
627,router-level
628,dual-homed
629,registries~(irr
630,internet's
631,equations
632,loop
633,corrected
634,belief
635,propagation
636,variable
637,gaussian
638,exactness
639,averages
640,way
641,covariances
642,found
643,cavity
644,graphs
645,relation
646,correction
647,expectation
648,algorithms
649,no
650,longer
651,slightly
652,perturbed
653,nonlinear
654,message
655,passing
656,graphical
657,allow
658,computation
659,approximate
660,marginal
661,interval
662,scaling
663,polynomially
664,discovery
665,consequently
666,revolutionized
667,several
668,fields
669,applications
670,correcting
671,codes
672,vision
673,prominent
674,examples
675,loopy
676,either
677,resulting
678,bp
679,negligible
680,tolerated
681,purpose
682,serves
683,refinements
684,taking
685,account
686,part
687,finding
688,optimal
689,treatment
690,motivates
691,active
692,field
693,solutions
694,applying
695,developed
696,involving
697,short
698,loops
699,like
700,regular
701,lattices
702,cvm
703,approaches
704,tree
705,ep
706,applied
707,incidental
708,unifying
709,frameworks
710,region
711,lead
712,strategies
713,selecting
714,basic
715,clusters
716,recent
717,update
718,interpreted
719,zero
720,connected
721,correlations
722,quantities
723,parameterizations
724,i
725,neighbor
726,variables
727,removed
728,graph
729,bethe
730,recovered
731,when
732,assumed
733,factorize
734,whereas
735,first
736,takes
737,pair
738,cumulants
739,estimation
740,extra
741,runs
742,allowing
743,polynomial
744,reducing
745,running
746,scales
747,factor
748,seems
749,heavy
750,benefit
751,require
752,selection
753,structures
754,effect
755,contribute
756,nontrivial
757,once
758,above
759,strategy
760,applicable
761,perturbative
762,around
763,makes
764,relatively
765,weak
766,interactions
767,principal
768,requirement
769,smaller
770,third
771,etc
772,heuristics
773,performing
774,outside
775,regimes
776,far
777,abstract
778,versus
779,practical
780,apply
781,idea
782,tractable
783,yielding
784,scheme
785,besides
786,average
787,marginals
788,yields
789,variances
790,potentially
791,function
792,approximations
793,calculates
794,exact
795,covariance
796,matrices
797,without
798,explicitly
799,linear
800,response
801,tree-structures
802,by-product
803,defensive
804,forecasting
805,method
806,transforming
807,laws
808,game
809,theoretic
810,sceptic
811,varieties
812,moves
813,depend
814,forecasts
815,semi
816,manner
817,produces
818,deterministic
819,randomized
820,dependence
821,arbitrary
822,forecaster
823,allowed
824,smearing
825,textbf
826,version
827,august
828,report
829,relaxed
830,now
831,compact
832,choose
833,his
834,concentrated
835,cardinality
836,was
837,essentially
838,introduced
839,levin
840,later
841,rediscovered
842,kakade
843,foster
844,takemura
845,et
846,al
847,von
848,mises
849,vohra
850,others
851,sandroni
852,papers
853,concerned
854,asymptotic
855,calibration
856,non
857,versions
858,proposed
859,shafer
860,noticed
861,randomization
862,aspect
863,states
864,proof
865,blurring
866,informal
867,discussions
868,assuming
869,outcomes
870,try
871,mathematical
872,reader
873,who
874,interested
875,ideas
876,specialize
877,theorems
878,game-theoretic
879,sceptic's
880,semi)continuous
881,forecaster's
882,mises's
883,non-asymptotic
884,measure-theoretic
885,any
886,notion
887,stability
888,tight
889,tailored
890,exploiting
891,existing
892,analyses
893,scenario
894,samples
895,identically
896,distributed
897,hold
898,observations
899,received
900,inherent
901,temporal
902,drawn
903,stationary
904,mixing
905,widely
906,adopted
907,study
908,independent
909,processes
910,weakening
911,prove
912,distinct
913,sequences
914,strictly
915,stable
916,thereby
917,extending
918,scenarios
919,illustrate
920,including
921,support
922,vector
923,regression
924,kernel
925,ridge
926,machines
927,regularization
928,relative
929,entropy
930,viewed
931,theoretical
932,basis
933,vc
934,dimension
935,covering
936,numbers
937,rademacher
938,hypotheses
939,exploit
940,outputs
941,varies
942,limited
943,changes
944,made
945,training
946,effectively
947,fact
948,tested
949,derived
950,clear
951,diagnosis
952,series
953,clearly
954,prices
955,stocks
956,day
957,stock
958,days
959,dependent
960,apparent
961,dependency
962,affect
963,sampled
964,usefulness
965,block
966,described
967,attributed
968,commonly
969,contexts
970,differs
971,previous
972,blocks
973,points
974,equal
975,generalized
976,mcdiarmid
977,leads
978,cover
979,unlike
980,presented
981,purely
982,depending
983,coefficient
984,svr
985,svms
986,context
987,experimental
988,previously
989,supported
990,following
991,sections
992,organized
993,follows
994,definitions
995,considering
996,illustration
997,krr
998,presents
999,non-iid
1000,stability-based
1001,stability-bounds
1002,regularization-based
1003,entropy-based
1004,vc-dimension
1005,mcdiarmid's
1006,contextsmisc
1007,quantum
1008,annealing
1009,qa
1010,clustering
1011,extension
1012,simulated
1013,sa
1014,propose
1015,schedule
1016,crucial
1017,finds
1018,better
1019,assignments
1020,furthermore
1021,easy
1022,implement
1023,popular
1024,methods
1025,mining
1026,formulated
1027,optimization
1028,solved
1029,em
1030,convex
1031,relaxation
1032,np
1033,hard
1034,promising
1035,candidate
1036,proved
1037,able
1038,find
1039,optimum
1040,slow
1041,cooling
1042,temperature
1043,amount
1044,reasonably
1045,solution
1046,faster
1047,what
1048,citeauthor
1049,geman
1050,mechanics
1051,alternative
1052,adds
1053,another
1054,fig
1055,succeeded
1056,ising
1057,unclear
1058,works
1059,actually
1060,think
1061,intuitively
1062,helps
1063,procedure
1064,depends
1065,definition
1066,search
1067,fit
1068,contribution
1069,experimentally
1070,optimizes
1071,markov
1072,chain
1073,monte
1074,carlo
1075,mcmc
1076,sampler
1077,st
1078,explain
1079,naive
1080,intractable
1081,suzuki
1082,trotter
1083,looks
1084,parallel
1085,sas
1086,interaction
1087,beginning
1088,process
1089,almost
1090,hence
1091,optima
1092,continues
1093,stronger
1094,move
1095,closer
1096,end
1097,picks
1098,state
1099,lowest
1100,energy
1101,final
1102,grouped
1103,four
1104,locally
1105,suppose
1106,correspond
1107,allows
1108,assignment
1109,defines
1110,distance
1111,metric
1112,locates
1113,chance
1114,go
1115,because
1116,similar
1117,situation
1118,occurs
1119,majority
1120,clustered
1121,picking
1122,sub
1123,located
1124,ones
1125,np-hard
1126,qa-based
1127,qa-st
1128,suzuki-trotter
1129,well-clustered
1130,sub-optimal
1131,controlled
1132,smoothness
1133,flexibility
1134,neighbors
1135,averaged
1136,k
1137,nearest
1138,knn
1139,degree
1140,polynomials
1141,let
1142,best
1143,regressor
1144,flexible
1145,rigid
1146,something
1147,achieve
1148,worth
1149,define
1150,rank
1151,fictitious
1152,fitted
1153,suggest
1154,minimal
1155,lorp
1156,penalized
1157,variants
1158,aic
1159,bic
1160,functions
1161,noise
1162,parametric
1163,formalize
1164,motivate
1165,compare
1166,schemes
1167,problem
1168,want
1169,determine
1170,relationship
1171,seek
1172,close
1173,unknown
1174,values
1175,select
1176,smallest
1177,reasonable
1178,remains
1179,right
1180,perfect
1181,called
1182,overfitting
1183,various
1184,remedies
1185,suggested
1186,empirical
1187,test
1188,cross
1189,comparison
1190,bayesian
1191,regarded
1192,ml
1193,sampling
1194,mean
1195,chooses
1196,pml
1197,penalty
1198,modern
1199,sound
1200,foundations
1201,rely
1202,difficult
1203,establish
1204,ignore
1205,least
1206,tell
1207,incorporate
1208,criterion
1209,regressors
1210,black
1211,box
1212,insight
1213,origin
1214,inner
1215,things
1216,key
1217,observation
1218,fitting
1219,fits
1220,bad
1221,claim
1222,minimizing
1223,suitable
1224,trades
1225,off
1226,giving
1227,introduction
1228,formally
1229,real
1230,spaces
1231,regularize
1232,infinite
1233,ranks
1234,explicit
1235,expressions
1236,includes
1237,lbfr
1238,projective
1239,mackay
1240,hastie
1241,trace
1242,formulas
1243,effective
1244,scratch
1245,surface
1246,considerations
1247,elaborated
1248,future
1249,it's
1250,"aic,bic,mdl"
1251,non-parametric
1252,cross-validation
1253,semi)parametric
1254,mackay's
1255,hastie's
1256,nonparametric
1257,accounts
1258,uncertainty
1259,factors
1260,accomplish
1261,sparse
1262,variant
1263,indian
1264,buffet
1265,couple
1266,hierarchical
1267,kingman
1268,coalescent
1269,gene
1270,expression
1271,explaining
1272,means
1273,latent
1274,couples
1275,solely
1276,representation
1277,fold
1278,benefits
1279,discovering
1280,simpler
1281,motivated
1282,p
1283,n
1284,paradigm
1285,features
1286,greatly
1287,exceeds
1288,three
1289,fundamental
1290,shortcomings
1291,stems
1292,reconstructing
1293,regulatory
1294,pathways
1295,contributions
1296,pathway
1297,within
1298,framework
1299,itself
1300,instead
1301,separately
1302,fundamentally
1303,treat
1304,nonparametrically
1305,proposing
1306,ibp
1307,designed
1308,sparsity
1309,genes
1310,explains
1311,involved
1312,transcription
1313,signaling
1314,synthesis
1315,nature
1316,requires
1317,choice
1318,trees
1319,bioinformatics
1320,notation
1321,area
1322,collaborative
1323,filtering
1324,movies
1325,genres
1326,know
1327,movie
1328,closely
1329,romance
1330,comedy
1331,action
1332,spurious
1333,kingman's
1334,gene-expression
1335,two-fold
1336,gene-to-factor
1337,constraint
1338,satisfaction
1339,aim
1340,specified
1341,constraints
1342,cost
1343,homomorphism
1344,every
1345,value
1346,minimizes
1347,denote
1348,predicates
1349,combinatorial
1350,concrete
1351,defence
1352,logistics
1353,algebraic
1354,csps
1355,aid
1356,choices
1357,result
1358,settles
1359,dichotomy
1360,conjecture
1361,resolved
1362,directed
1363,gutin
1364,hell
1365,rafiey
1366,yeo
1367,european
1368,j
1369,combinatorics
1370,formalizing
1371,arising
1372,artificial
1373,intelligence
1374,database
1375,equivalent
1376,formulations
1377,assigned
1378,simultaneously
1379,subsets
1380,relational
1381,arise
1382,propositional
1383,logic
1384,scheduling
1385,areas
1386,during
1387,subproblems
1388,intensively
1389,computer
1390,scientists
1391,mathematicians
1392,considerable
1393,restricted
1394,relations
1395,language
1396,boolean
1397,ternary
1398,sat
1399,direction
1400,mainly
1401,clones
1402,algebra
1403,conjectured
1404,complete
1405,costs
1406,satisfying
1407,world
1408,solvable
1409,characterization
1410,languages
1411,course
1412,preliminaries
1413,together
1414,connecting
1415,conservative
1416,algebras
1417,divided
1418,hardness
1419,collected
1420,followed
1421,building
1422,tractability
1423,existence
1424,polymorphisms
1425,connections
1426,concept
1427,arithmetical
1428,deadlocks
1429,lay
1430,foundation
1431,reformulate
1432,directions
1433,well-studied
1434,np-complete
1435,variable/value
1436,real-world
1437,polynomial-time
1438,np-hardness
1439,regularized
1440,risk
1441,minimization
1442,hinge
1443,heart
1444,bundle
1445,bmrm
1446,svmstruct
1447,solvers
1448,tackle
1449,recently
1450,iterations
1451,converge
1452,hadamard
1453,matrix
1454,rates
1455,improved
1456,objective
1457,devise
1458,converges
1459,labels
1460,label
1461,d
1462,joint
1463,denotes
1464,current
1465,regularizer
1466,acts
1467,prevents
1468,nonsmooth
1469,smooth
1470,strongly
1471,prototypical
1472,perhaps
1473,solver
1474,showed
1475,iteration
1476,replaces
1477,piecewise
1478,lower
1479,next
1480,iterate
1481,subgradient
1482,successively
1483,tightened
1484,until
1485,gap
1486,falls
1487,below
1488,predefined
1489,tolerance
1490,though
1491,solves
1492,one-dimensional
1493,line
1494,decrease
1495,behavior
1496,theoretically
1497,predicted
1498,life
1499,could
1500,answer
1501,constructing
1502,circumvent
1503,old
1504,nesterov
1505,primarily
1506,focus
1507,whenever
1508,pieces
1509,include
1510,multiclass
1511,multi-label
1512,ordinal
1513,assess
1514,sex-related
1515,facing
1516,novelty
1517,visuo-spatial
1518,investigate
1519,exploratory
1520,exploration
1521,visual
1522,discrimination
1523,responses
1524,analyzed
1525,signal
1526,detection
1527,women
1528,selected
1529,searching
1530,already
1531,men
1532,approximately
1533,uniform
1534,women's
1535,rise
1536,secure
1537,base
1538,warranting
1539,safety
1540,men's
1541,appear
1542,influenced
1543,difference
1544,beliefs
1545,concerning
1546,uncertain
1547,events
1548,influencing
1549,evaluation
1550,males
1551,females
1552,seem
1553,differ
1554,spatial
1555,abilities
1556,styles
1557,generally
1558,navigational
1559,female
1560,cognitive
1561,style
1562,relies
1563,detailed
1564,male
1565,evolutionary
1566,mechanisms
1567,sex
1568,behavioral
1569,due
1570,mating
1571,induced
1572,large-range
1573,navigation
1574,linked
1575,dynamics
1576,reproduction
1577,sexual
1578,influence
1579,mate
1580,competition
1581,mates
1582,compete
1583,extensive
1584,ranging
1585,partners
1586,according
1587,reproductive
1588,success
1589,proposition
1590,exclusively
1591,humans
1592,division
1593,labor
1594,hunting
1595,plant
1596,gathering
1597,would
1598,put
1599,greater
1600,memory
1601,sustained
1602,duties
1603,argued
1604,ecuyer-dab
1605,robert
1606,cognition
1607,shaped
1608,strong
1609,concern
1610,survival
1611,self
1612,offspring
1613,compelled
1614,favor
1615,low-risk
1616,concentrating
1617,proximal
1618,cues
1619,coping
1620,space-related
1621,focusing
1622,enabled
1623,landmark
1624,encoding
1625,species
1626,feeding
1627,remembering
1628,locations
1629,potential
1630,resources
1631,cause
1632,taken
1633,literature
1634,indicate
1635,producing
1636,skills
1637,play
1638,role
1639,increase
1640,accessibility
1641,food
1642,resource
1643,multiply
1644,risks
1645,getting
1646,lost
1647,killed
1648,consumed
1649,animals
1650,predation
1651,mobile
1652,ability
1653,balance
1654,locomotion
1655,balancing
1656,should
1657,investigations
1658,yield
1659,apparently
1660,disparate
1661,partly
1662,contemporary
1663,designs
1664,lack
1665,decision-making
1666,investigates
1667,behaviors
1668,quotation
1669,robert's
1670,spontaneous
1671,two-dimensional
1672,acquiring
1673,driving
1674,curiosity
1675,comfort
1676,mastery
1677,one's
1678,environment
1679,serving
1680,reduce
1681,fear
1682,characterized
1683,succession
1684,progressions
1685,stops
1686,capacity
1687,act
1688,regulator
1689,indeed
1690,decisions
1691,voss
1692,refers
1693,generation
1694,object's
1695,meaning
1696,risk-taking
1697,classical
1698,stimuli
1699,risky
1700,traditional
1701,intertemporal
1702,individual
1703,behaves
1704,maximize
1705,discounted
1706,utilities
1707,allais
1708,paradox
1709,contradicts
1710,postulates
1711,maximizing
1712,utility
1713,option
1714,describe
1715,violation
1716,law
1717,diminishing
1718,discounted-utility
1719,du
1720,paul
1721,samuelson
1722,valid
1723,normative
1724,descriptive
1725,actual
1726,proposes
1727,x
1728,t
1729,ux
1730,discounting
1731,ft
1732,acquired
1733,overall
1734,mixed
1735,denoted
1736,va
1737,simply
1738,products
1739,sigma
1740,preferred
1741,vb
1742,body
1743,people
1744,systematically
1745,violate
1746,gain-loss
1747,asymmetry
1748,delay-speedup
1749,led
1750,researchers
1751,extensions
1752,modifications
1753,reconcile
1754,anomalies
1755,hyperbolic
1756,suggests
1757,discount
1758,dynamically
1759,consistent
1760,higher
1761,near
1762,distant
1763,numerous
1764,theories
1765,forms
1766,one-parameter
1767,proportional
1768,quasi-hyperbolic
1769,single-dated
1770,represented
1771,pure
1772,gains
1773,multiple-dated
1774,agreement
1775,independence
1776,apt
1777,transformation
1778,preferences
1779,aggregation
1780,components
1781,period
1782,periods
1783,delay
1784,psychologically
1785,analogous
1786,psychological
1787,underlie
1788,development
1789,progressed
1790,steadily
1791,along
1792,route
1793,lines
1794,spawned
1795,maximization
1796,calculate
1797,add
1798,before
1799,choosing
1800,maximizes
1801,minor
1802,underdeveloped
1803,decision
1804,making
1805,extended
1806,sign-dependent
1807,transfer
1808,exchange
1809,cancellation
1810,axiom
1811,asserts
1812,options
1813,consequence
1814,event
1815,preference
1816,abandoned
1817,yet
1818,assumptions
1819,indicates
1820,table
1821,illustrates
1822,adding
1823,element
1824,change
1825,orderings
1826,allais's
1827,applies
1828,eventually
1829,encounter
1830,intertemporal-type
1831,extends
1832,fixed-pie
1833,perceptions
1834,suggesting
1835,disputants
1836,prefer
1837,proposals
1838,perceived
1839,equally
1840,attractive
1841,parties
1842,balanced
1843,rather
1844,one-sided
1845,implemented
1846,israeli
1847,geneva
1848,accords
1849,negotiated
1850,unofficial
1851,delegations
1852,israel
1853,palestinian
1854,authority
1855,demonstrate
1856,israelis
1857,favorably
1858,contrary
1859,diminish
1860,palestinians
1861,favors
1862,opposes
1863,implementation
1864,concerns
1865,create
1866,demand
1867,side
1868,noteworthy
1869,creates
1870,oppose
1871,deal
1872,bargaining
1873,negotiation
1874,mutual
1875,conflicting
1876,barriers
1877,conflict
1878,resolution
1879,efficient
1880,biases
1881,associated
1882,egocentric
1883,negotiators
1884,evaluators
1885,bias
1886,gain
1887,party
1888,persists
1889,possibility
1890,compatible
1891,interests
1892,susceptible
1893,negotiations
1894,extend
1895,pie
1896,protracted
1897,intergroup
1898,dictator
1899,individuals
1900,experience
1901,self-control
1902,temptation
1903,selfishly
1904,judgment
1905,pro-socially
1906,manipulated
1907,trait
1908,reveals
1909,positive
1910,correlation
1911,pro-social
1912,identification-but
1913,low
1914,economic
1915,significance
1916,subtle
1917,sufficient
1918,alter
1919,perception
1920,allocation
1921,opportunities
1922,prompting
1923,draw
1924,lured
1925,themselves
1926,acting
1927,against
1928,failure
1929,famously
1930,termed
1931,akrasia
1932,plato's
1933,protagoras
1934,throughout
1935,domains
1936,daily
1937,represents
1938,issue
1939,philosophy
1940,modern-day
1941,social
1942,sciences
1943,dieter
1944,faced
1945,opportunity
1946,indulge
1947,delicious
1948,creamy
1949,cake
1950,perceive
1951,indulging
1952,maintaining
1953,figure
1954,student
1955,feel
1956,conflicted
1957,desire
1958,cinema
1959,her
1960,stay
1961,fashionista
1962,purchase
1963,boots
1964,maintain
1965,responsible
1966,budget
1967,importantly
1968,selfish
1969,understood
1970,conceptualization
1971,help
1972,notions
1973,economics
1974,motivations
1975,care
1976,self-interest
1977,tautological
1978,exposition
1979,interest
1980,others-at
1981,expense
1982,own-has
1983,voluntarily
1984,charity
1985,public
1986,goods
1987,recycling
1988,pay
1989,taxes
1990,despite
1991,punishment
1992,failing
1993,nonetheless
1994,imagine
1995,inclination
1996,occasion
1997,tempted
1998,underreport
1999,income
2000,authorities
2001,fly
2002,face
2003,urges
2004,personal
2005,gain-or
2006,greed-and
2007,self-control-our
2008,overrule
2009,temptation-is
2010,multitude
2011,conceptualizations
2012,exist
2013,complementary
2014,classic
2015,reason
2016,passion
2017,authors
2018,cold
2019,executive
2020,guides
2021,hot
2022,impulses
2023,willpower
2024,combined
2025,function-or
2026,planner
2027,parlance
2028,thaler
2029,shefrin
2030,brings
2031,bear
2032,deliberate
2033,struggle
2034,divert
2035,away
2036,pre-commitment
2037,possibly
2038,sheer
2039,strength
2040,mind
2041,back
2042,song
2043,sirens
2044,mirrors
2045,started
2046,explore
2047,relates
2048,loewenstein
2049,visceral
2050,drive-states
2051,resembling
2052,cravings
2053,relief
2054,hunger
2055,pain
2056,deprivation
2057,o'donoghue
2058,argue
2059,colder
2060,altruism
2061,sweets
2062,fine
2063,health
2064,indirect
2065,pronin
2066,resemble
2067,selves
2068,albrecht
2069,immediate
2070,delayed
2071,rewards
2072,patience
2073,affective
2074,involvement
2075,activation
2076,dopaminergic
2077,reward
2078,others-or
2079,curry
2080,negatively
2081,impatient
2082,contributed
2083,did
2084,patient
2085,arriving
2086,fehr
2087,leibbrandt
2088,vs
2089,fishermen
2090,whose
2091,elicited
2092,lab
2093,exhibited
2094,cooperative
2095,over-exploit
2096,pool
2097,burks
2098,short-term
2099,patience-the
2100,beta
2101,x3b
2102,model-is
2103,positively
2104,sequential
2105,prisoner's
2106,dilemma
2107,duffy
2108,smith
2109,load-a
2110,manipulation
2111,intended
2112,deplete
2113,impair
2114,self-control-on
2115,treatments
2116,repeated
2117,multi-player
2118,emerging
2119,default
2120,games
2121,trust
2122,reciprocity
2123,lends
2124,credence
2125,altruistic
2126,achtziger
2127,subjected
2128,players
2129,ultimatum
2130,depletion
2131,depleted
2132,proposers
2133,offers-they
2134,became
2135,responders
2136,reject
2137,offers
2138,unfair
2139,themselves-they
2140,halali
2141,crockett
2142,acute
2143,tryptophan
2144,depletion-a
2145,temporarily
2146,reduces
2147,serotonin
2148,levels
2149,brain
2150,impairs
2151,raised
2152,rejection
2153,reduction
2154,correlated
2155,impulsive
2156,delay-discounting
2157,knoch
2158,trustees
2159,lateral
2160,prefrontal
2161,cortex
2162,transcranial
2163,magnetic
2164,stimulation
2165,functioning
2166,targeted
2167,cognizant
2168,returning
2169,share
2170,investments
2171,strategic
2172,norm-compliant
2173,unable
2174,impaired
2175,resist
2176,investment
2177,entirely
2178,oneself
2179,closest
2180,domain
2181,inquiry
2182,piovesan
2183,wengstrom
2184,times
2185,participants
2186,lasting
2187,interpretation
2188,successful
2189,slows
2190,hauge
2191,load
2192,one-shot
2193,attempt
2194,direct
2195,invokes
2196,neither
2197,nor
2198,well-grounded
2199,psychometric
2200,rosenbaum
2201,association
2202,doing
2203,exercising
2204,restraint
2205,myrseth
2206,fishbach
2207,two-stage
2208,identifies
2209,pursuing
2210,higher-order
2211,second
2212,employs
2213,stage
2214,critically
2215,investigating
2216,whether
2217,resembles
2218,tendency
2219,determinants
2220,identification
2221,explored
2222,trivial
2223,virtually
2224,diabetic
2225,knows
2226,tempting
2227,chocolate
2228,incur
2229,major
2230,ambiguous
2231,non-diabetic
2232,faces
2233,alone
2234,regularly
2235,citizen
2236,generously
2237,threat
2238,self-image
2239,stingy
2240,occasions
2241,matter
2242,epsilon
2243,nothing
2244,amounts
2245,serious
2246,met
2247,focal
2248,consumption
2249,must
2250,multiple
2251,additional
2252,maker
2253,evoke
2254,dining
2255,dessert
2256,isolation
2257,singular
2258,episode
2259,generous-to
2260,donate
2261,charitable
2262,organization-may
2263,elicit
2264,bearing
2265,maker's
2266,donating
2267,now-and
2268,future-indicates
2269,generous
2270,character
2271,keeping
2272,money
2273,light
2274,consequences
2275,leaving
2276,out
2277,equation
2278,motivator
2279,framing
2280,manipulations
2281,presenting
2282,calendar
2283,displaying
2284,month
2285,grid
2286,separating
2287,dates
2288,subsequent
2289,potato
2290,chips
2291,whom
2292,gridded
2293,activated
2294,isolated
2295,interrelated
2296,frame
2297,isolate
2298,date
2299,reported
2300,experiencing
2301,non-gridded
2302,rosenbaum's
2303,leveraged
2304,game-a
2305,participant
2306,granted
2307,endowment
2308,asked
2309,split
2310,herself
2311,recipient
2312,red
2313,featured
2314,pits
2315,correlate
2316,displays
2317,donation
2318,slope
2319,weakly
2320,observe
2321,substantially
2322,preventative
2323,undergo
2324,invasive
2325,screening
2326,deterred
2327,disutility
2328,prevention
2329,disease
2330,prospect
2331,editing
2332,operation
2333,reference
2334,effects
2335,develops
2336,directing
2337,shifted
2338,providing
2339,qualitative
2340,prostate
2341,cancer
2342,anticipated
2343,colonoscopy
2344,colorectal
2345,great
2346,enough
2347,utilty
2348,dissuade
2349,seeking
2350,impacts
2351,rothman
2352,salovey
2353,colleagues
2354,diagnostic
2355,consequent
2356,safe
2357,specifically
2358,tests
2359,loss-framed
2360,messages
2361,gain-framed
2362,prospects
2363,sure
2364,sunscreen
2365,sunburn
2366,skin
2367,intervention
2368,favoring
2369,focuses
2370,manipulates
2371,impact
2372,refocusing
2373,cpt
2374,priority
2375,heuristic
2376,ph
2377,contradicting
2378,criticized
2379,had
2380,trigger
2381,gambles
2382,nearly
2383,person
2384,ev
2385,eu
2386,she
2387,shift
2388,shifts
2389,tax
2390,similarity
2391,reverse
2392,opposite
2393,contradict
2394,modified
2395,preliminary
2396,parameters
2397,probability-consequence
2398,conducted
2399,bodies
2400,showing
2401,compares
2402,birnbaum's
2403,brandstatter
2404,gigerenzer
2405,hertwig
2406,attribute
2407,prizes
2408,rubinstein
2409,leland
2410,birnbaum
2411,reviewed
2412,refute
2413,rdu
2414,noted
2415,fewer
2416,half
2417,modal
2418,navarrete
2419,included
2420,satisfied
2421,dominance
2422,predicts
2423,indifference
2424,undergraduates
2425,satisfy
2426,responded
2427,person's
2428,adaptive
2429,toolbox
2430,presumably
2431,makers
2432,decide
2433,rule
2434,mechanism
2435,decides
2436,lists
2437,triggering
2438,estimated
2439,concluded
2440,differed
2441,evs
2442,harder
2443,ratio
2444,gamble
2445,proxy
2446,difficulty
2447,compute
2448,ratios
2449,inside
2450,supposed
2451,failed
2452,reproduce
2453,correctly
2454,replicated
2455,confirmed
2456,reproduced
2457,chose
2458,replication
2459,branches
2460,theorized
2461,toting
2462,branch
2463,rules
2464,failures
2465,arguments
2466,excuses
2467,devises
2468,avoids
2469,exceptions
2470,stochastically
2471,dominate
2472,judgments
2473,typical
2474,experienced
2475,recall
2476,evaluative
2477,students
2478,rating
2479,completed
2480,mid-course
2481,list
2482,ways
2483,respondents
2484,comments
2485,subsequently
2486,rated
2487,critiques
2488,solicited
2489,provides
2490,instances
2491,evaluated
2492,concludes
2493,implications
2494,tversky
2495,kahneman's
2496,availability
2497,sometimes
2498,judge
2499,frequency
2500,ease
2501,asking
2502,categories
2503,category
2504,kahneman
2505,letter
2506,r
2507,appears
2508,english
2509,words
2510,cue
2511,recalling
2512,turns
2513,schwarz
2514,demonstrating
2515,retrieval
2516,content
2517,judged
2518,tease
2519,apart
2520,assertive
2521,unassertive
2522,assertiveness
2523,listed
2524,frequency-related
2525,positions
2526,susceptibility
2527,assault
2528,review
2529,abundance
2530,supports
2531,original
2532,easily
2533,absolute
2534,frequency-based
2535,targets
2536,transportation
2537,luxury
2538,automobiles
2539,childhood
2540,winkielman
2541,memories
2542,pleasant
2543,tend
2544,fade
2545,unpleasant
2546,evaluate
2547,believed
2548,turned
2549,robust
2550,demonstrations
2551,laboratory
2552,surveys
2553,assessment
2554,somewhat
2555,likert
2556,served
2557,never
2558,ratings
2559,especially
2560,superficial
2561,cues-such
2562,instances-when
2563,attitudes
2564,onto
2565,unfamiliar
2566,investigation
2567,overcomes
2568,limitations
2569,evaluating
2570,evaluations
2571,normal
2572,facet
2573,courses
2574,suggestions
2575,consequential
2576,offerings
2577,staffing
2578,promotion
2579,tenure
2580,prospective
2581,target
2582,quickly
2583,become
2584,familiar
2585,relying
2586,scores
2587,elective
2588,questioned
2589,validity
2590,lively
2591,debate
2592,appeared
2593,ago
2594,american
2595,psychologist
2596,questions
2597,discriminant
2598,focused
2599,teaching
2600,irrelevant
2601,grades
2602,workload
2603,published
2604,design
2605,feedback
2606,summary
2607,attempts
2608,provocative
2609,paradoxically
2610,soliciting
2611,third-party
2612,explanation
2613,human
2614,feelings
2615,anger
2616,norm
2617,violations
2618,sanctions
2619,investigated
2620,guilt
2621,emotions
2622,constitute
2623,causes
2624,emotion
2625,findings
2626,defend
2627,stand
2628,friends
2629,someone
2630,speaks
2631,ill
2632,absence
2633,tolerate
2634,colleague
2635,bullied
2636,boycott
2637,consumer
2638,child
2639,stranger
2640,physically
2641,harassed
2642,spite
2643,danger
2644,retaliate
2645,injustice
2646,victimized
2647,sanctioning
2648,norm-violations
2649,vital
2650,prosocial
2651,punishing
2652,costly
2653,impose
2654,physical
2655,moral
2656,performed
2657,behalf
2658,begs
2659,incites
2660,judging
2661,competitive
2662,overoptimistic
2663,overpessimistic
2664,shared
2665,circumstance
2666,sce
2667,repeated-play
2668,competitions
2669,sces
2670,situations
2671,easiness
2672,transparent
2673,amenable
2674,debiasing
2675,via
2676,competed
2677,rounds
2678,throwing
2679,hard-to-aim
2680,objects
2681,initially
2682,round
2683,debiased
2684,abounds
2685,everyday
2686,contend
2687,top
2688,jobs
2689,trophies
2690,premium
2691,enter
2692,fare
2693,doomed
2694,competitor
2695,strengths
2696,weaknesses
2697,competitors
2698,egocentrism
2699,overoptimism
2700,circumstances
2701,favorable
2702,trivia
2703,learn
2704,category-even
2705,they'll
2706,everyone
2707,overpessimism
2708,unfavorable
2709,phenomenon
2710,optimistic
2711,dubbed
2712,shared-circumstance
2713,settings
2714,card
2715,athletic
2716,non-repeated
2717,experiences
2718,tends
2719,tennis
2720,tournament
2721,played
2722,windy
2723,weather
2724,affects
2725,examine
2726,persist
2727,rose
2728,windschitl
2729,contest
2730,beating
2731,answered
2732,won
2733,initial
2734,winning
2735,encountered
2736,learned
2737,shrank-but
2738,slowly-across
2739,eliminated
2740,seventh
2741,told
2742,dramatically
2743,fully
2744,rebounded
2745,bit
2746,bleak
2747,moore
2748,cain
2749,plays
2750,bleaker
2751,quizzes
2752,people's
2753,sces-based
2754,feedback-really
2755,transparently
2756,readily
2757,sces-and
2758,referring
2759,helpful
2760,hindering
2761,largely
2762,multi-round
2763,object-tossing
2764,throws
2765,per
2766,object-attempting
2767,land
2768,object
2769,always
2770,easy-to-aim
2771,beanbag
2772,plate
2773,constituted
2774,full
2775,suspected
2776,tossing
2777,produce
2778,watching
2779,doesn't
2780,why
2781,knowing
2782,struggled
2783,he
2784,illuminates
2785,relevance
2786,situational
2787,awareness
2788,success-for
2789,anyone
2790,seeing
2791,unpredictably
2792,observer
2793,impression
2794,regardless
2795,enhances
2796,appreciation
2797,struggles
2798,tossed
2799,useful
2800,mitigating
2801,reveal
2802,regarding
2803,pronounced
2804,starting
2805,immediately
2806,transferable
2807,anchoring
2808,ubiquitous
2809,prevalence
2810,begun
2811,examines
2812,big-five
2813,personality
2814,openness-to-experience
2815,influences
2816,anchors
2817,convergent
2818,adjustment
2819,upon
2820,anchor
2821,prevalent
2822,reliably
2823,legal
2824,viable
2825,novices
2826,experts
2827,monetary
2828,incentives
2829,avenue
2830,pointed
2831,stanovich
2832,west
2833,intellectual
2834,traits
2835,numerical
2836,reliance
2837,ambiguity
2838,actions
2839,inactions
2840,proven
2841,attesting
2842,importance
2843,hart
2844,originate
2845,early
2846,age
2847,profound
2848,pervasive
2849,five-factor
2850,well-regarded
2851,model's
2852,reliability
2853,agreed
2854,fifth
2855,controversial
2856,controversy
2857,predominately
2858,lexical
2859,lexicon
2860,questionnaire
2861,labeled
2862,propensity
2863,adjust
2864,exposed
2865,scoring
2866,open
2867,inclined
2868,opinions
2869,steadfast
2870,conventional
2871,sensitive
2872,openness
2873,reflects
2874,propensities
2875,hypothesize
2876,provided
2877,mississippi
2878,river
2879,african
2880,nations
2881,un
2882,survey
2883,proteins
2884,resistance
2885,stretching
2886,structure-based
2887,gaps
2888,determination
2889,consist
2890,amino
2891,acids
2892,dealt
2893,ranked
2894,top-strength
2895,architectures
2896,folds
2897,forces
2898,potent
2899,force
2900,clamps
2901,discovered
2902,involve
2903,disulphide
2904,bridges
2905,cysteine
2906,slipknots
2907,comparing
2908,characteristic
2909,extrapolation
2910,pulling
2911,speeds
2912,guidance
2913,molecule
2914,cystein
2915,strongest
2916,molecular
2917,simulations
2918,atomic
2919,microscopy
2920,optical
2921,tweezers
2922,tools
2923,nanotechnology
2924,monitoring
2925,conformational
2926,biomolecules
2927,elastic
2928,nanomachines
2929,cell
2930,hundred
2931,systems
2932,helped
2933,all-atom
2934,refs
2935,ns
2936,unrealistically
2937,elucidate
2938,clamp
2939,formula
2940,simulational
2941,merely
2942,tiny
2943,fraction
2944,stored
2945,protein
2946,bank
2947,worthwhile
2948,fast
2949,calculations
2950,pioneered
2951,collaborators
2952,implementations
2953,suited
2954,native
2955,imposed
2956,phenomenological
2957,enumerated
2958,ref
2959,potentials
2960,stiffness
2961,energy-related
2962,coarse-grained
2963,degrees
2964,freedom
2965,count
2966,contacts
2967,selects
2968,atoms
2969,index
2970,stands
2971,respectively
2972,lennard-jones
2973,contact
2974,harmonic
2975,chiralities
2976,amplitude
2977,assigning
2978,van
2979,der
2980,waals
2981,spheres
2982,belonging
2983,overlap
2984,declared
2985,non-native
2986,repulsive
2987,frequently
2988,performs
2989,couplings
2990,software
2991,configurations
2992,chemical
2993,perspective
2994,bonds
2995,exceeding
2996,accomplished
2997,twice
2998,soon
2999,afterwords
3000,comes
3001,methodology
3002,ranking
3003,mutually
3004,bars
3005,predicting
3006,considerably
3007,benchmark
3008,sarcomere
3009,titin
3010,scaffoldin
3011,c7a
3012,pn
3013,establishing
3014,cath
3015,sheared
3016,antiparallel
3017,unstructured
3018,strands
3019,kinds
3020,download
3021,july
3022,pdb
3023,comprised
3024,entries
3025,nucleic
3026,complexes
3027,carbohydrates
3028,incomplete
3029,files
3030,december
3031,acceptable
3032,code
3033,acceleration
3034,units
3035,si
3036,ubiquitin
3037,materials
3038,unit
3039,none
3040,sturdiness
3041,involves
3042,slipknot
3043,operational
3044,motif
3045,slip-loop
3046,pulled
3047,knot-loop
3048,dragging
3049,fragment
3050,spirit
3051,csk
3052,fragments
3053,participating
3054,systematic
3055,cath-classified
3056,mechanical
3057,analyze
3058,scop-based
3059,grouping
3060,relate
3061,scop
3062,cath-based
3063,occurrence
3064,group
3065,unravel
3066,captured
3067,appearance
3068,look
3069,mechanically
3070,us
3071,velocity
3072,reuse
3073,editors
3074,biophysical
3075,journal
3076,retracted
3077,deposited
3078,website
3079,link
3080,accessed
3081,polyglutamine
3082,tracts
3083,death
3084,nine
3085,neurodegenerative
3086,diseases
3087,onset
3088,polyq
3089,insert
3090,glutamines
3091,kinetics
3092,peptides
3093,vitro
3094,critical-length
3095,insights
3096,transition
3097,peptide
3098,random
3099,coil
3100,helix
3101,selectively
3102,helices
3103,residues
3104,adopt
3105,strand
3106,dihedral
3107,angles
3108,polypeptide
3109,coils
3110,helical
3111,axis
3112,turn
3113,mutant
3114,proline-glycine
3115,inserts
3116,formation
3117,hairpins
3118,ground
3119,wild
3120,polyq-mediated
3121,containing
3122,aggregates
3123,hallmark
3124,progression
3125,cag-expansions
3126,intranuclear
3127,inclusion
3128,cultures
3129,animal
3130,affected
3131,patients
3132,amyloid
3133,inhibition
3134,oligomerization
3135,azo-dye
3136,congo
3137,hsp70/hsp
3138,chaperone
3139,exerts
3140,marked
3141,protective
3142,vivo
3143,c
3144,criticality
3145,polyq-related
3146,pathological
3147,host
3148,studying
3149,nuclear
3150,uptake
3151,prepared
3152,cytotoxic
3153,full-length
3154,nucleated
3155,lag
3156,phases
3157,glutamine
3158,tract-length
3159,lag-time
3160,correlates
3161,subcritical
3162,lengths
3163,long
3164,span
3165,progressively
3166,correspondingly
3167,unaggregated
3168,composed
3169,amyloid-like
3170,conversion
3171,fibril
3172,chains
3173,monomeric
3174,nuclei
3175,determines
3176,tradeoff
3177,suppress
3178,drug-resistant
3179,viruses
3180,toxicity
3181,drug-sparing
3182,hiv
3183,viral
3184,timing
3185,duration
3186,phase
3187,maintenance
3188,therapies
3189,optimized
3190,biologically
3191,plausible
3192,mo
3193,therapy
3194,needed
3195,durable
3196,suppression
3197,eradicating
3198,resistant
3199,regimen
3200,regimens
3201,delayed-induction
3202,intensification
3203,initiated
3204,sometime
3205,fitness
3206,target-cell
3207,populations
3208,recover
3209,drugs
3210,therapy-intensification
3211,antiretroviral
3212,completely
3213,management
3214,infection
3215,therapy-naive
3216,clinically
3217,mutations
3218,triple-drug
3219,nucleoside
3220,analog
3221,transcriptase
3222,inhibitors
3223,protease
3224,inhibitor
3225,non-nucleoside
3226,copies/ml
3227,wk
3228,range
3229,requiring
3230,salvage
3231,assemble
3232,three-drug
3233,uncompromised
3234,activity
3235,strains
3236,deep
3237,consisting
3238,five
3239,vulnerable
3240,drug
3241,adverse
3242,metabolic
3243,hematologic
3244,neurologic
3245,cardiovascular
3246,gastrointestinal
3247,complicate
3248,seriously
3249,undermine
3250,clinical
3251,minimize
3252,treatment-related
3253,toxicities
3254,engendered
3255,intensified
3256,simplified
3257,long-term
3258,trials
3259,yielded
3260,controls
3261,receiving
3262,poor
3263,adherence
3264,recrudescence
3265,institution
3266,weakness
3267,consisted
3268,recognized
3269,permit
3270,subclinical
3271,lasted
3272,insufficient
3273,effectiveness
3274,atazanavir
3275,lopinvir/ritonavir
3276,optimism
3277,im
3278,hypothesized
3279,suppressive
3280,appropriately
3281,timed
3282,minority
3283,decay
3284,extinction
3285,threshold
3286,better-tolerated
3287,quantitatively
3288,hypothetical
3289,eradicated
3290,counterintuitive
3291,shorter
3292,administered
3293,weeks
3294,lipid
3295,molecules
3296,amyloidogenic
3297,segment
3298,islet
3299,hiapp
3300,rat
3301,replica
3302,solvent
3303,aggregate
3304,partially
3305,ordered
3306,sheet
3307,oligomers
3308,reorganization
3309,convert
3310,parallel/antiparallel
3311,in-register
3312,out-of-register
3313,hydrophobic
3314,tails
3315,stabilize
3316,indicating
3317,catalysis
3318,self-assembly
3319,iapp
3320,proline
3321,micelle-like
3322,non-amyloidogenic
3323,descriptions
3324,catalytic
3325,alzheimer's
3326,parkinson's
3327,spongiform
3328,encephalopathy
3329,diabetes
3330,mellitus
3331,deposits
3332,normally
3333,soluble
3334,t2dm
3335,component
3336,fibrillar
3337,pancreatic
3338,islets
3339,langerhans
3340,residue
3341,hormone
3342,referred
3343,amylin
3344,synthesized
3345,cells
3346,pancreas
3347,cosecreted
3348,insulin
3349,convincing
3350,evidences
3351,caused
3352,intermediate
3353,mature
3354,fibrils
3355,bilayer
3356,oligomer
3357,channel-like
3358,annular
3359,membrane
3360,tissues
3361,lipids
3362,uptaken
3363,membranes
3364,wrapped
3365,treated
3366,template
3367,exert
3368,conformation
3369,missing
3370,beneficial
3371,understand
3372,assembly
3373,non-human
3374,primates
3375,cats
3376,raccoons
3377,rodent
3378,primary
3379,rat/mouse
3380,lose
3381,capacities
3382,aggregating
3383,transgenic
3384,mouse
3385,express
3386,riapp
3387,decapeptide
3388,unbranched
3389,substitutions
3390,lacking
3391,property
3392,crystal
3393,segments
3394,condition
3395,meanwhile
3396,control
3397,metastable
3398,short-lived
3399,pre-fibril
3400,steps
3401,employed
3402,complement
3403,copies
3404,implicit
3405,santini
3406,art-opep
3407,trimer
3408,treating
3409,bead
3410,implicitly
3411,surmount
3412,unnatural
3413,registry
3414,dissociation
3415,reptation
3416,cheon
3417,profasi
3418,package
3419,bonded
3420,torsional
3421,hydrogen
3422,carry
3423,early-stage
3424,atomic-detailed
3425,randomly
3426,oriented
3427,random-coiled
3428,underwent
3429,ab
3430,initio
3431,folding
3432,albeit
3433,observing
3434,aqueous
3435,supply
3436,sidechain
3437,nguyen
3438,prolonged
3439,md
3440,probe
3441,interpeptide
3442,fluctuations
3443,monomer
3444,preformed
3445,dock-lock
3446,enhanced-sampling
3447,water
3448,opls-aa
3449,dioleoylphosphatidylcholine
3450,dispersed
3451,boxes
3452,tetramers
3453,remd
3454,acquirement
3455,abundant
3456,nonamyloidogenic
3457,inhibitory
3458,psychophysical
3459,preferably
3460,narrow
3461,band
3462,frequencies
3463,recognition
3464,identity
3465,author
3466,adaptation
3467,brain's
3468,processing
3469,machinery
3470,stimulus
3471,detail
3472,implication
3473,gabor
3474,filters
3475,match
3476,receptive
3477,neurons
3478,filter
3479,images
3480,computed
3481,aligned
3482,response-equalized
3483,psychophysically
3484,neuronal
3485,circuits
3486,sensory
3487,matches
3488,signals
3489,advantage
3490,regularities
3491,contributes
3492,conveys
3493,highest
3494,wiring
3495,spatio-temporal
3496,redundancy
3497,input
3498,conspicuous
3499,regularity
3500,spectra
3501,luminance
3502,exploited
3503,controlling
3504,sensitivities
3505,amplitudes
3506,equalization
3507,incremented
3508,increasing
3509,frequency-tuned
3510,image
3511,flat
3512,argument
3513,employing
3514,improvement
3515,transmission
3516,output
3517,dynamic
3518,article
3519,builds
3520,whitened
3521,cycles
3522,suppressed
3523,agrees
3524,processed
3525,maxima
3526,compound
3527,horizontally
3528,height
3529,width
3530,enhancement
3531,horizontal
3532,noisy
3533,individually
3534,averaging-out
3535,spectral
3536,orientation
3537,goes
3538,unnoticed
3539,interference
3540,mentioned
3541,issues
3542,band-limited
3543,guarantee
3544,alignment
3545,position
3546,averaging
3547,permits
3548,orientations
3549,feature
3550,place
3551,vertical
3552,firing
3553,mammalian
3554,hippocampus
3555,encode
3556,non-spatial
3557,theta
3558,oscillation
3559,dominates
3560,hippocampal
3561,eeg
3562,stereotype
3563,behaviour
3564,animal's
3565,location
3566,operates
3567,coding
3568,spiking
3569,recurrent
3570,coded
3571,neural
3572,stdp
3573,mediates
3574,rate-coded
3575,hebbian
3576,pre
3577,post-synaptic
3578,plasticity
3579,generate
3580,symmetric
3581,asymmetric
3582,fire
3583,concurrent
3584,successive
3585,pattern
3586,completion
3587,partial
3588,unifies
3589,auto
3590,hetero-associative
3591,firmer
3592,neurobiology
3593,reactivation
3594,exciting
3595,assemblies
3596,surrounding
3597,medial
3598,lobe
3599,implicated
3600,declarative
3601,mammals
3602,electrophysiology
3603,pyramidal
3604,presence
3605,focussed
3606,odour
3607,bed
3608,nest
3609,discharge
3610,travelled
3611,precession
3612,compressed
3613,traversed
3614,utilises
3615,synchronous
3616,asynchronous
3617,postulated
3618,mnemonic
3619,modelled
3620,biological
3621,ca
3622,exhibits
3623,dense
3624,wherein
3625,synaptic
3626,pharmacological
3627,genetic
3628,knockout
3629,nmdar-dependent
3630,utilised
3631,reciprocal
3632,associations
3633,concurrently
3634,elevated
3635,hypothetically
3636,overlapping
3637,temporally
3638,behavioural
3639,timescale
3640,encoded
3641,neuron
3642,estimate
3643,ensemble
3644,integrated
3645,hetero
3646,associative
3647,bi-directional
3648,synapses
3649,post
3650,spike-timing
3651,auto-associative
3652,created
3653,burst
3654,consecutive
3655,superthreshold
3656,generates
3657,putative
3658,driven
3659,excitation
3660,and/or
3661,interestingly
3662,reminiscent
3663,wave
3664,ripple
3665,ensembles
3666,reconstructions
3667,valuable
3668,scaffolds
3669,omics
3670,integration
3671,interrogate
3672,macromolecules
3673,genome-scale
3674,fine-grained
3675,reconstruction
3676,escherichia
3677,coli's
3678,transcriptional
3679,translational
3680,sequence-specific
3681,transformations
3682,legacy
3683,publications
3684,databases
3685,rna
3686,maturation
3687,modification
3688,iron
3689,sulfur
3690,cluster
3691,biogenesis
3692,comprehensive
3693,cellular
3694,coli
3695,unique
3696,scope
3697,converted
3698,integrate
3699,reaction
3700,ribosome
3701,production
3702,parameterization
3703,silico
3704,rrna
3705,operon
3706,deletion
3707,polymerase
3708,density
3709,remaining
3710,operons
3711,modules
3712,subsystems
3713,highlighting
3714,milestone
3715,biology
3716,enable
3717,quantitative
3718,datasets
3719,mechanistic
3720,principles
3721,genotype
3722,phenotype
3723,high-throughput
3724,technologies
3725,heterogeneous
3726,profiles
3727,proteomic
3728,organism
3729,holistic
3730,sets
3731,bottom-up
3732,brick-by-brick
3733,genome
3734,annotation
3735,component-specific
3736,established
3737,organisms
3738,saccharomyces
3739,cerevisiae
3740,leishmani
3741,helicobacter
3742,pylori
3743,pseudomonas
3744,aeruginosa
3745,putida
3746,genomic
3747,built
3748,biochemical
3749,physiological
3750,thought
3751,biochemically
3752,genetically
3753,genomically
3754,structured
3755,bases
3756,step
3757,draft
3758,refinement
3759,format
3760,boundaries
3761,condition-specific
3762,iterating
3763,self-consistent
3764,phenotypic
3765,bacterial
3766,engineering
3767,metabolism
3768,constraint-based
3769,stoichiometric
3770,mathematically
3771,rows
3772,columns
3773,reactions
3774,cobra
3775,reconstruct
3776,regulation
3777,refined
3778,earlier
3779,allen
3780,formalism
3781,illustrated
3782,gene-specific
3783,dna
3784,mrna
3785,enables
3786,degradation
3787,copy
3788,kinetic
3789,relationships
3790,requisite
3791,organism-specific
3792,bigg
3793,templates
3794,problem-specific
3795,stoichiometry
3796,dominant
3797,platform
3798,steady-state
3799,named
3800,e-matrix
3801,encodes
3802,coli-specific
3803,nucleotide
3804,composition
3805,usage
3806,scientific
3807,formulate
3808,mechanistically
3809,detailing
3810,deemed
3811,doubling
3812,polymerases
3813,mediated
3814,transitions
3815,closed
3816,ion
3817,channels
3818,morphology
3819,neurological
3820,disorders
3821,channel
3822,gating
3823,dendritic
3824,axonal
3825,morphologically
3826,densities
3827,sub-cellular
3828,gate
3829,initiation
3830,somatic
3831,spikes
3832,deterministically
3833,probabilistic
3834,cell-types
3835,compartments
3836,spike
3837,dendrites
3838,emerge
3839,aspects
3840,nervous
3841,device
3842,increasingly
3843,capture
3844,computations
3845,defining
3846,respond
3847,back-propagation
3848,soma
3849,cable
3850,compartmental
3851,electrical
3852,axons
3853,purposes
3854,carried
3855,opening
3856,closing
3857,voltage
3858,recorded
3859,kind
3860,interact
3861,morphological
3862,analytical
3863,constrained
3864,trades-offs
3865,sources
3866,currents
3867,neuron's
3868,substantial
3869,obstacles
3870,statistically
3871,formidable
3872,straightforward
3873,computing
3874,occupies
3875,extra-cellular
3876,conductance
3877,simulating
3878,localization
3879,spatially
3880,spines
3881,axon
3882,terminals
3883,arborizations
3884,simulator
3885,morphologies
3886,extracellular
3887,addressing
3888,interactive
3889,visualization
3890,uniquely
3891,psics
3892,icing
3893,outline
3894,unappreciated
3895,roles
3896,well-validated
3897,modifies
3898,synaptically
3899,voltage-dependent
3900,sodium
3901,potassium
3902,greatest
3903,hyperpolarization-activated
3904,intrinsically
3905,offer
3906,documentation
3907,psics/icing
3908,source
3909,project
3910,splicing
3911,broad
3912,conservation
3913,oligonucleotide
3914,microarrays
3915,adult
3916,differential
3917,splice
3918,junctions
3919,detect
3920,comparisons
3921,cassette
3922,exons
3923,skipping
3924,muscle
3925,subset
3926,unusual
3927,intron
3928,vertebrates
3929,rivals
3930,protein-coding
3931,motifs
3932,strikingly
3933,branchpoint
3934,consensus
3935,downstream
3936,site
3937,paralogous
3938,membrane-associated
3939,guanylate
3940,kinase
3941,tissue-regulated
3942,exon
3943,tissue
3944,flanking
3945,remain
3946,conserved
3947,orthologs
3948,diverged
3949,unusually
3950,multigene
3951,families
3952,constructs
3953,messenger
3954,buried
3955,transcripts
3956,eukaryotic
3957,regulated
3958,functionally
3959,mediate
3960,repression
3961,stimulating
3962,nonsense-mediated
3963,vertebrate
3964,increases
3965,binding
3966,sites
3967,stimulate
3968,isoforms
3969,activate
3970,repress
3971,nearby
3972,combine
3973,repressing
3974,activating
3975,sr
3976,celf
3977,mostly
3978,hnrnp
3979,ptb
3980,nptb
3981,catalog
3982,enhancers
3983,silencers
3984,handful
3985,regulators
3986,hundreds
3987,bind
3988,fox
3989,rbm
3990,ugcaug
3991,sf
3992,quaking
3993,uacuaac-like
3994,mrnas
3995,alternatively
3996,spliced
3997,leading
3998,currently
3999,expanding
4000,expressed
4001,tags
4002,rnas
4003,constitutive
4004,distinguishing
4005,regions
4006,cdna
4007,libraries
4008,confidence
4009,library
4010,construction
4011,associate
4012,microarray
4013,technology
4014,promises
4015,breadth
4016,achieved
4017,reporter
4018,endogenous
4019,transcriptome
4020,combination
4021,junction
4022,probes
4023,hybridized
4024,intensity
4025,intensities
4026,present-absent
4027,calls
4028,affymetrix
4029,mas
4030,mismatch
4031,rt-pcr
4032,true-positive
4033,differentially
4034,isoform
4035,isoform-specific
4036,kruskal-wallis
4037,widespread
4038,nonbrain
4039,regression-based
4040,bootstrapping
4041,groups
4042,immunodeficiency
4043,virus
4044,entry
4045,receptor
4046,co-receptors
4047,entered
4048,co-receptor
4049,ccr
4050,inhibit
4051,personalized
4052,prognosis
4053,analyzing
4054,acid
4055,determinant
4056,i.e
4057,v
4058,gp
4059,two-level
4060,considers
4061,protein-protein
4062,combines
4063,cxcr
4064,seconds
4065,roc
4066,curve
4067,insertions
4068,deletions
4069,clinicians
4070,quantifies
4071,pocket
4072,sulfated
4073,tyrosine
4074,exception
4075,pathogenic
4076,medical
4077,enters
4078,comprises
4079,cd
4080,chemokine
4081,receptors
4082,so-called
4083,tropism
4084,prognostic
4085,cxcr4-tropic
4086,progress
4087,syndrome
4088,ccr5-tropic
4089,r5-tropic
4090,dual-tropic
4091,binds
4092,inhibits
4093,productive
4094,approved
4095,countries
4096,anti-retroviral
4097,ccr5-inhibitors
4098,inactive
4099,determining
4100,cell-based
4101,assays
4102,drawbacks
4103,specialized
4104,laboratories
4105,worldwide
4106,impediments
4107,overcome
4108,genotypic
4109,strain
4110,inferred
4111,mutational
4112,sequencing
4113,validated
4114,cheap
4115,clinics
4116,glance
4117,glycoprotein
4118,stretch
4119,amino-acids
4120,disulfide
4121,bridge
4122,terminal
4123,cysteins
4124,unfortunately
4125,name
4126,notorious
4127,variability
4128,quest
4129,prompted
4130,electrostatics
4131,best-known
4132,charges
4133,v3-residues
4134,specificity
4135,moderate
4136,sensitivity
4137,satisfactory
4138,routine
4139,improve
4140,accuracies
4141,fall
4142,footprint
4143,tropism-determinants
4144,imperfections
4145,x-ray
4146,paved
4147,sander
4148,geometric
4149,distances
4150,amino-acid
4151,huang
4152,respects
4153,e.g
4154,deals
4155,indels
4156,crucially
4157,descriptors
4158,seemingly
4159,thoroughly
4160,x4-tropic
4161,preferentially
4162,interacts
4163,explained
